[
  {
    "dialogueID": "E1P1D1",
    "choiceID": "E1P1D1C1",
    "choiceName": "다음이벤트",
    "nextPhaseIndex": -1,
    "nextEventID": "",
    "C_RequireGod": "",
    "C_RequireRace": "",
    "C_RequireTrait": "",
    "C_MinFaith": "",
    "outcomeScript": ""
  },
  {
    "dialogueID": "",
    "choiceID": "E1P1D1C2",
    "choiceName": "다음페이즈",
    "nextPhaseIndex": 1,
    "nextEventID": "",
    "C_RequireGod": "",
    "C_RequireRace": "",
    "C_RequireTrait": "TP01",
    "C_MinFaith": "",
    "outcomeScript": ""
  },
  {
    "dialogueID": "E1P2D1",
    "choiceID": "E1P2D1C1",
    "choiceName": "다음이벤트",
    "nextPhaseIndex": "",
    "nextEventID": "",
    "C_RequireGod": "",
    "C_RequireRace": "",
    "C_RequireTrait": "",
    "C_MinFaith": "",
    "outcomeScript": ""
  },
  {
    "dialogueID": "E2P1D1",
    "choiceID": "E2P1D1C1",
    "choiceName": "전투시작",
    "nextPhaseIndex": "",
    "nextEventID": "",
    "C_RequireGod": "",
    "C_RequireRace": "",
    "C_RequireTrait": "",
    "C_MinFaith": "",
    "outcomeScript": "Trigger:StartBattle"
  },
  {
    "dialogueID": "E3P1D1",
    "choiceID": "E3P1D1C1",
    "choiceName": "상자를 연다",
    "nextPhaseIndex": "",
    "nextEventID": "",
    "C_RequireGod": "",
    "C_RequireRace": "",
    "C_RequireTrait": "",
    "C_MinFaith": "",
    "outcomeScript": "Trigger:GiveReward|Reward:Equipment:IE001"
  }
]