[
  {
    "eventID": "E1",
    "phaseID": "E1P1",
    "dialogueID": "E1P1D1",
    "dialoguePath": "Event/Descriptions/StartEvent",
    "D_RequireGod": "",
    "D_RequireRace": "",
    "D_RequireTrait": "",
    "D_MinFaith": "",
    "outcomeScript": ""
  },
  {
    "eventID": "E1",
    "phaseID": "E1P2",
    "dialogueID": "E1P2D1",
    "dialoguePath": "Event/Descriptions/StartEvent2",
    "D_RequireGod": "",
    "D_RequireRace": "",
    "D_RequireTrait": "",
    "D_MinFaith": "",
    "outcomeScript": ""
  },
  {
    "eventID": "E2",
    "phaseID": "E2P1",
    "dialogueID": "E2P1D1",
    "dialoguePath": "Event/Descriptions/BattleEvent",
    "D_RequireGod": "",
    "D_RequireRace": "",
    "D_RequireTrait": "",
    "D_MinFaith": "",
    "outcomeScript": ""
  },
  {
    "eventID": "E3",
    "phaseID": "E3P1",
    "dialogueID": "E3P1D1",
    "dialoguePath": "Event/Descriptions/ChestEvent",
    "D_RequireGod": "",
    "D_RequireRace": "",
    "D_RequireTrait": "",
    "D_MinFaith": "",
    "outcomeScript": ""
  }
]