[
  {
    "eventID": "E1",
    "phaseID": "E1P1",
    "phaseName": "시작이벤트",
    "imagePath": "Event/Images/StartEvent",
    "outcomeScript": ""
  },
  {
    "eventID": "",
    "phaseID": "E1P2",
    "phaseName": "다음페이즈",
    "imagePath": "",
    "outcomeScript": ""
  },
  {
    "eventID": "E2",
    "phaseID": "E2P1",
    "phaseName": "전투이벤트",
    "imagePath": "Event/Images/BattleEvent",
    "outcomeScript": "Entity:EM01"
  },
  {
    "eventID": "E3",
    "phaseID": "E3P1",
    "phaseName": "보상이벤트",
    "imagePath": "Event/Images/ChestEvent",
    "outcomeScript": ""
  }
]