[
  {
    "RaceName": "Golem",
    "RaceID": "R1",
    "RaceEffect": "Golem",
    "R_CodexPath": "Race/Descriptions/R1",
    "R_ImagePath": "Race/Images/R1",
    "R_Summary": "골렘종족",
    "R_UnlockHint": "",
    "SubRaceName": "RuneGolem",
    "SubRaceID": "S1",
    "SubFileName": "RuneGolem",
    "RequireFaith": 0,
    "SubRaceEffect": "RuneGolem",
    "SR_CodexPath": "Race/SubRace/Descriptions/R1S1",
    "SR_ImagePath": "Race/SubRace/Images/R1S1",
    "SR_Summary": "룬 골렘",
    "SR_UnlockHint": ""
  },
  {
    "RaceName": "",
    "RaceID": "",
    "RaceEffect": "",
    "R_CodexPath": "",
    "R_ImagePath": "",
    "R_Summary": "",
    "R_UnlockHint": "",
    "SubRaceName": "LightGolem",
    "SubRaceID": "S2",
    "SubFileName": "LightGolem",
    "RequireFaith": 100,
    "SubRaceEffect": "LightGolem",
    "SR_CodexPath": "Race/SubRace/Descriptions/R1S2",
    "SR_ImagePath": "Race/SubRace/Images/R1S2",
    "SR_Summary": "배터리 골렘",
    "SR_UnlockHint": "??"
  },
  {
    "RaceName": "",
    "RaceID": "",
    "RaceEffect": "",
    "R_CodexPath": "",
    "R_ImagePath": "",
    "R_Summary": "",
    "R_UnlockHint": "",
    "SubRaceName": "ForestGolem",
    "SubRaceID": "S3",
    "SubFileName": "ForestGolem",
    "RequireFaith": 300,
    "SubRaceEffect": "ForestGolem",
    "SR_CodexPath": "Race/SubRace/Descriptions/R1S3",
    "SR_ImagePath": "Race/SubRace/Images/R1S3",
    "SR_Summary": "숲 골렘",
    "SR_UnlockHint": "??"
  },
  {
    "RaceName": "Oak",
    "RaceID": "R2",
    "RaceEffect": "Oak",
    "R_CodexPath": "Race/Descriptions/R2",
    "R_ImagePath": "Race/Images/R2",
    "R_Summary": "오크종족",
    "R_UnlockHint": "",
    "SubRaceName": "OakWarrior",
    "SubRaceID": "S1",
    "SubFileName": "OakWarrior",
    "RequireFaith": 0,
    "SubRaceEffect": "OakWarrior",
    "SR_CodexPath": "Race/SubRace/Descriptions/R2S1",
    "SR_ImagePath": "Race/SubRace/Images/R2S1",
    "SR_Summary": "오크 워리어",
    "SR_UnlockHint": ""
  },
  {
    "RaceName": "",
    "RaceID": "",
    "RaceEffect": "",
    "R_CodexPath": "",
    "R_ImagePath": "",
    "R_Summary": "",
    "R_UnlockHint": "",
    "SubRaceName": "GrayOak",
    "SubRaceID": "S2",
    "SubFileName": "GrayOak",
    "RequireFaith": 100,
    "SubRaceEffect": "GrayOak",
    "SR_CodexPath": "Race/SubRace/Descriptions/R2S2",
    "SR_ImagePath": "Race/SubRace/Images/R2S2",
    "SR_Summary": "잿빛 오크",
    "SR_UnlockHint": "??"
  },
  {
    "RaceName": "",
    "RaceID": "",
    "RaceEffect": "",
    "R_CodexPath": "",
    "R_ImagePath": "",
    "R_Summary": "",
    "R_UnlockHint": "",
    "SubRaceName": "RedOak",
    "SubRaceID": "S3",
    "SubFileName": "RedOak",
    "RequireFaith": 200,
    "SubRaceEffect": "RedOak",
    "SR_CodexPath": "Race/SubRace/Descriptions/R2S3",
    "SR_ImagePath": "Race/SubRace/Images/R2S3",
    "SR_Summary": "혈 오크",
    "SR_UnlockHint": "??"
  }
]