[
  {
    "TraitName": "StrongFaith",
    "PnN": "Positive",
    "TraitID": "TP01",
    "Cost": 5,
    "Effect": "StrongFaith,Stat:MentalStat+10",
    "CodexPath": "Trait/Positive/Descriptions/TP01",
    "ImagePath": "Trait/Positive/Images/TP01",
    "Summary": "굳건한 신앙",
    "UnlockHint": ""
  },
  {
    "TraitName": "PowerfulForce",
    "PnN": "Positive",
    "TraitID": "TP02",
    "Cost": 10,
    "Effect": "PowerfulForce",
    "CodexPath": "Trait/Positive/Descriptions/TP02",
    "ImagePath": "Trait/Positive/Images/TP02",
    "Summary": "넘처나는 힘",
    "UnlockHint": ""
  },
  {
    "TraitName": "MentalResponse",
    "PnN": "Positive",
    "TraitID": "TP03",
    "Cost": 15,
    "Effect": "MentalResponse",
    "CodexPath": "Trait/Positive/Descriptions/TP03",
    "ImagePath": "Trait/Positive/Images/TP03",
    "Summary": "정신수양",
    "UnlockHint": ""
  },
  {
    "TraitName": "Absolute",
    "PnN": "Positive",
    "TraitID": "TP999",
    "Cost": 999,
    "Effect": "Absolute",
    "CodexPath": "Trait/Positive/Descriptions/TP999",
    "ImagePath": "Trait/Positive/Images/TP999",
    "Summary": "절대자",
    "UnlockHint": ""
  },
  {
    "TraitName": "Blind",
    "PnN": "Negative",
    "TraitID": "TN01",
    "Cost": 5,
    "Effect": "Blind",
    "CodexPath": "Trait/Negative/Descriptions/TN01",
    "ImagePath": "Trait/Negative/Images/TN01",
    "Summary": "맹인",
    "UnlockHint": ""
  },
  {
    "TraitName": "Weakness",
    "PnN": "Negative",
    "TraitID": "TN02",
    "Cost": 10,
    "Effect": "Weakness",
    "CodexPath": "Trait/Negative/Descriptions/TN02",
    "ImagePath": "Trait/Negative/Images/TN02",
    "Summary": "허약",
    "UnlockHint": ""
  },
  {
    "TraitName": "Sleepless",
    "PnN": "Negative",
    "TraitID": "TN03",
    "Cost": 15,
    "Effect": "Sleepless",
    "CodexPath": "Trait/Negative/Descriptions/TN03",
    "ImagePath": "Trait/Negative/Images/TN03",
    "Summary": "불면증",
    "UnlockHint": ""
  },
  {
    "TraitName": "AbsoluteN",
    "PnN": "Negative",
    "TraitID": "TN999",
    "Cost": 999,
    "Effect": "AbsoluteN",
    "CodexPath": "Trait/Negative/Descriptions/TN999",
    "ImagePath": "Trait/Negative/Images/TN999",
    "Summary": "절대자N",
    "UnlockHint": ""
  }
]